{"cameraMode":{"drawMode":0,"name":"Shaded","section":"Shading Mode"},"sceneLighting":true,"audioPlay":false,"sceneViewState":{"m_AlwaysRefresh":false,"showFog":true,"showSkybox":true,"showFlares":true,"showImageEffects":true,"showParticleSystems":true,"showVisualEffectGraphs":true,"m_FxEnabled":true},"in2DMode":false,"pivot":{"x":613.5199584960938,"y":12.649999618530274,"z":478.8700256347656},"rotation":{"x":-0.16123653948307038,"y":-0.06597483158111572,"z":0.010803737677633763,"w":-0.9846497178077698},"size":6.391136169433594,"orthographic":false}